{"cameraMode":{"drawMode":0,"name":"Shaded","section":"Shading Mode"},"sceneLighting":true,"audioPlay":false,"sceneViewState":{"showFog":true,"showMaterialUpdate":false,"showSkybox":true,"showFlares":true,"showImageEffects":true,"showParticleSystems":true},"in2DMode":false,"pivot":{"x":-2.887887477874756,"y":7.406828880310059,"z":0.035968296229839328},"rotation":{"x":0.17648561298847199,"y":-0.07226315140724182,"z":0.012998002581298352,"w":0.981566846370697},"size":6.88104248046875,"orthographic":true}